20260223  ;ZE4MVSD_A1                    ;T271154017     ;APF289467 ;MI91F;V114;30;0        ;H;SIGRID.VAN.REETH              ;
20260303  ;ZE4MVSD_A1                    ;T271154018     ;APF289663 ;MI92F;V114;30;0        ;H;SIGRID.VAN.REETH              ;
20260325  ;ZE4MVSD_A1                    ;T271154019     ;APF289697 ;MI93F;V114;30;0        ;H;SIGRID.VAN.REETH              ;
20260305  ;ZE4MVSD_A1                    ;T271154020     ;APF296040 ;MI95F;V114;30;0        ;H;SIGRID.VAN.REETH              ;
20260310  ;ZE4MVSD_A1                    ;T271154021     ;APF296220 ;MI96F;V114;30;0        ;H;SIGRID.VAN.REETH              ;
20260309  ;ZE4MVSD_A1                    ;T271154022     ;APF296154 ;MI97F;V114;30;0        ;H;SIGRID.VAN.REETH              ;
20260311  ;ZE4MVSD_A1                    ;T271154023     ;APF296269 ;MJ01F;V114;30;0        ;H;SIGRID.VAN.REETH              ;
20260409  ;ZE4MVSD_A1                    ;T271154024     ;APF296313 ;MJ02F;V114;30;0        ;H;SIGRID.VAN.REETH              ;
20260319  ;ZS4MVSD                       ;T280952013     ;APF294680 ;QB40F;V361;30;0        ;*;SOFIE.MAMPAEY                 ;
20260319  ;ZS4MVSD                       ;T280952014     ;APF294564 ;QB41F;V361;30;0        ;*;SOFIE.MAMPAEY                 ;
20260319  ;ZS4MVSD                       ;T280952015     ;APF294720 ;QB42F;V361;30;0        ;*;SOFIE.MAMPAEY                 ;
20260319  ;ZS4MVSD                       ;T280952016     ;APF294554 ;QB43F;V361;30;0        ;*;SOFIE.MAMPAEY                 ;
20260417  ;ZS4MVSD                       ;T280953013     ;APF295493 ;QB52F;V361;30;0        ;*;SOFIE.MAMPAEY                 ;
20260417  ;ZS4MVSD                       ;T280953014     ;APF295694 ;QB53F;V361;30;0        ;*;SOFIE.MAMPAEY                 ;
20260417  ;ZS4MVSD                       ;T280953015     ;APF295761 ;QB54F;V361;30;0        ;*;SOFIE.MAMPAEY                 ;
20260417  ;ZS4MVSD                       ;T280953016     ;APF295473 ;QB55F;V361;30;0        ;*;SOFIE.MAMPAEY                 ;
20260116  ;ZE4MVSD_A1                    ;T291499017     ;APF292021 ;UR18F;V114;30;0        ;H;SIGRID.VAN.REETH              ;
20260121  ;ZE4MVSD_A1                    ;T291499018     ;APF292045 ;UR19F;V114;30;0        ;H;SIGRID.VAN.REETH              ;
20260122  ;ZE4MVSD_A1                    ;T291499019     ;APF292120 ;UR20F;V114;30;0        ;H;SIGRID.VAN.REETH              ;
20260123  ;ZE4MVSD_A1                    ;T291499020     ;APF292141 ;UR21F;V114;30;0        ;H;SIGRID.VAN.REETH              ;
20260128  ;ZE4MVSD_A1                    ;T291499021     ;APF292187 ;UR22F;V114;30;0        ;H;SIGRID.VAN.REETH              ;
20260128  ;ZE4MVSD_A1                    ;T291499022     ;APF292245 ;UR23F;V114;30;0        ;H;SIGRID.VAN.REETH              ;
20260205  ;ZE4MVSD_A1                    ;T291499023     ;APF292308 ;UR24F;V114;30;0        ;H;SIGRID.VAN.REETH              ;
20260130  ;ZE4MVSD_A1                    ;T291499024     ;APF292346 ;UR25F;V114;30;0        ;H;SIGRID.VAN.REETH              ;
20260420  ;ZS4MVSD                       ;T292702019     ;APF294917 ;VB90F;V361;30;0        ;*;SOFIE.MAMPAEY                 ;
20260420  ;ZS4MVSD                       ;T292702020     ;APF295112 ;VB91F;V361;30;0        ;*;SOFIE.MAMPAEY                 ;
20260420  ;ZS4MVSD                       ;T292702021     ;APF295158 ;VB92F;V361;30;0        ;*;SOFIE.MAMPAEY                 ;
20260420  ;ZS4MVSD                       ;T292702022     ;APF295320 ;VB93F;V361;30;0        ;*;SOFIE.MAMPAEY                 ;
20260420  ;ZS4MVSD                       ;T292702023     ;APF295355 ;VB94F;V361;30;0        ;*;SOFIE.MAMPAEY                 ;
20260420  ;ZS4MVSD                       ;T292702024     ;APF295387 ;VB95F;V361;30;0        ;*;SOFIE.MAMPAEY                 ;
20260113  ;ZR250VSD+                     ;T293981022     ;APF293927 ;VF76F;K247;30;0        ;3;SIGRID.VAN.REETH              ;
20260115  ;MD1800                        ;T294202003     ;APF295228 ;VJ46F;V822;35;799      ;M;KIRSTEN.BAUWENS               ;
20260128  ;ZR355                         ;T299625004     ;APF293017 ;XJ82F;K262;35;53       ;4;SOFIE.MAMPAEY                 ;
20260126  ;MDG1050A1                     ;T303326004     ;APF293108 ;FO74F;K855;30;0        ;M;KIRSTEN.BAUWENS               ;
20260126  ;ZB 6 VSD+                     ;T303564017     ;APF295836 ;ZN49F;K325;35;799      ;C;KIRSTEN.BAUWENS               ;
20260126  ;ZB 6 VSD+                     ;T303564018     ;APF295835 ;ZN50F;K325;40;999      ;C;KIRSTEN.BAUWENS               ;
20260126  ;ZB 6 VSD+                     ;T303564019     ;APF295972 ;ZN51F;K325;30;0        ;C;KIRSTEN.BAUWENS               ;
20260120  ;ZB 6 VSD+                     ;T303564020     ;APF295919 ;ZN52F;K325;40;999      ;C;KIRSTEN.BAUWENS               ;
20260120  ;ZB 6 VSD+                     ;T304740007     ;APF293872 ;AC36F;K326;40;999      ;C;KIRSTEN.BAUWENS               ;
20260123  ;ZR355                         ;T305260007     ;APF294545 ;AJ05F;K262;35;55       ;4;SOFIE.MAMPAEY                 ;
20260120  ;ZE4                           ;T305273015     ;APF294477 ;AJ07F;K114;35;799      ;H;SIGRID.VAN.REETH              ;
20260108  ;GA400                         ;T305326006     ;APF294259 ;AJ36F;K109;40;999      ;5;KENNETH.VAN.LAEKEN            ;
20260128  ;ZR400                         ;T305562007     ;APF295492 ;AL82F;K262;30;0        ;4;SOFIE.MAMPAEY                 ;
20260126  ;ZR400                         ;T305562008     ;APF294686 ;AL83F;K262;35;57       ;4;SOFIE.MAMPAEY                 ;
20260302  ;ZH1250+"                      ;T305650021     ;APF293076 ;AO47F;V201;30;0        ;6;SOFIE.MAMPAEY                 ;
20260109  ;GA110A3                       ;T306144028     ;APF293211 ;AS95F;V154;35;899      ;T;KENNETH.VAN.LAEKEN            ;
20260109  ;GA110A3                       ;T306144029     ;APF293190 ;AS96F;V154;40;999      ;T;KENNETH.VAN.LAEKEN            ;
20260129  ;ZH560'                        ;T306309012     ;APF293373 ;AT99F;V351;30;0        ;6;SOFIE.MAMPAEY                 ;
20260206  ;ZR355                         ;T306392007     ;APF294687 ;AU90F;K262;30;0        ;4;SOFIE.MAMPAEY                 ;
20260216  ;ZB 6 VSD+                     ;T306571016     ;APF295899 ;AX00F;K326;30;0        ;C;KIRSTEN.BAUWENS               ;
20260216  ;ZB 6 VSD+                     ;T306571017     ;APF293922 ;AX02F;K326;30;0        ;C;KIRSTEN.BAUWENS               ;
20260216  ;ZB 6 VSD+                     ;T306571018     ;APF293923 ;AX03F;K326;30;0        ;C;KIRSTEN.BAUWENS               ;
20260129  ;ZR700VSD                      ;T306629006     ;APF295218 ;AZ91F;K217;30;0        ;4;SOFIE.MAMPAEY                 ;
20260121  ;GR110                         ;T307107004     ;APF293485 ;BE33F;K106;30;0        ;1;KENNETH.VAN.LAEKEN            ;
20260216  ;ZR400                         ;T307192004     ;APF295472 ;BF87F;K262;30;0        ;4;SOFIE.MAMPAEY                 ;
20260202  ;ZR400VSD                      ;T307511002     ;APF296125 ;BG29F;K261;30;0        ;4;SOFIE.MAMPAEY                 ;
20260204  ;ZR500VSD                      ;T307532018     ;APF295760 ;BG48F;K261;30;0        ;4;SOFIE.MAMPAEY                 ;
20260210  ;ZR500VSD                      ;T307532019     ;APF295830 ;BG49F;K261;30;0        ;4;SOFIE.MAMPAEY                 ;
20260123  ;ZS5VSD                        ;T307797033     ;APF293628 ;BK00F;K360;32;0        ;=;SOFIE.MAMPAEY                 ;
20260114  ;ZR160                         ;T307839012     ;APF293743 ;BK80F;K175;35;799      ;3;SIGRID.VAN.REETH              ;
20260114  ;ZR160                         ;T307839013     ;APF293752 ;BK81F;K175;35;799      ;3;SIGRID.VAN.REETH              ;
20260112  ;ZR160                         ;T307839014     ;APF293816 ;BK82F;K175;35;0        ;3;SIGRID.VAN.REETH              ;
20260204  ;ZR315                         ;T308116003     ;APF295831 ;BO39F;K262;30;0        ;4;SOFIE.MAMPAEY                 ;
20260114  ;ZR200                         ;T308176061     ;APF293753 ;CK18F;K257;35;899      ;3;SIGRID.VAN.REETH              ;
20260114  ;ZR200                         ;T308176062     ;APF293744 ;CK19F;K257;35;799      ;3;SIGRID.VAN.REETH              ;
20260112  ;ZR200                         ;T308176063     ;APF293745 ;CK22F;K257;35;799      ;3;SIGRID.VAN.REETH              ;
20260130  ;ZR315                         ;T308187026     ;APF295576 ;BP50F;K262;30;0        ;4;SOFIE.MAMPAEY                 ;
20260130  ;ZR315                         ;T308187027     ;APF295804 ;BP51F;K262;30;0        ;4;SOFIE.MAMPAEY                 ;
20260127  ;ZH560+'                       ;T308321007     ;APF293882 ;BR53F;V196;30;0        ;6;SOFIE.MAMPAEY                 ;
20260204  ;MD600                         ;T308844004     ;APF295918 ;BY93F;V761;30;0        ;M;KIRSTEN.BAUWENS               ;
20260119  ;GA200VSDA3                    ;T308847054     ;APF295267 ;BZ20F;V003;35;799      ;1;KENNETH.VAN.LAEKEN            ;
20260112  ;GA315VSDA3                    ;T308847055     ;APF295489 ;BZ21F;V003;35;899      ;1;KENNETH.VAN.LAEKEN            ;
20260120  ;GA315VSDA3                    ;T308847056     ;APF295505 ;BZ22F;V003;35;899      ;1;KENNETH.VAN.LAEKEN            ;
20260122  ;GA315VSDA3                    ;T308847057     ;APF295563 ;BZ23F;V003;35;899      ;1;KENNETH.VAN.LAEKEN            ;
20260121  ;GA315VSDA3                    ;T308847058     ;APF295743 ;BZ24F;V003;35;899      ;1;KENNETH.VAN.LAEKEN            ;
20260116  ;GA315VSDA3                    ;T308847059     ;APF295815 ;BZ25F;V003;35;899      ;1;KENNETH.VAN.LAEKEN            ;
20260123  ;GA315VSDA3                    ;T308847060     ;APF295816 ;BZ26F;V003;35;0        ;1;KENNETH.VAN.LAEKEN            ;
20260216  ;ZB7VSDPA                      ;T308968006     ;APF294156 ;BZ89F;K236;30;0        ;C;KIRSTEN.BAUWENS               ;
20260226  ;ZB7VSDPA                      ;T308968007     ;APF294157 ;BZ90F;K236;30;0        ;C;KIRSTEN.BAUWENS               ;
20260112  ;GA315VSDA3                    ;T309045009     ;APF295024 ;CB44F;K003;30;0        ;1;KENNETH.VAN.LAEKEN            ;
20260210  ;ZB5_150_A1                    ;T309105025     ;APF294152 ;CD08F;K321;30;0        ;C;KIRSTEN.BAUWENS               ;
20260210  ;ZB5_150_A1                    ;T309105026     ;APF294153 ;CD09F;K321;30;0        ;C;KIRSTEN.BAUWENS               ;
20260210  ;ZB5_150_A1                    ;T309105027     ;APF294155 ;CD10F;K321;30;0        ;C;KIRSTEN.BAUWENS               ;
20260210  ;ZB5_150_A1                    ;T309105028     ;APF294154 ;CD11F;K321;30;0        ;C;KIRSTEN.BAUWENS               ;
20260227  ;ZR400                         ;T309370025     ;APF296242 ;CF19F;K262;30;0        ;4;SOFIE.MAMPAEY                 ;
20260227  ;ZR400                         ;T309370026     ;APF296273 ;CF20F;K262;30;0        ;4;SOFIE.MAMPAEY                 ;
20260120  ;GA200VSDA3                    ;T309442020     ;APF295141 ;CF50F;K004;30;0        ;1;KENNETH.VAN.LAEKEN            ;
20260116  ;GA110A3                       ;T309504020     ;APF295923 ;CF67F;K155;40;999      ;T;KENNETH.VAN.LAEKEN            ;
20260108  ;ZR315VSD+                     ;T309719004     ;APF294610 ;CJ08F;K248;35;5        ;3;SIGRID.VAN.REETH              ;
20260114  ;ZT160VSD STD                  ;T309768003     ;APF295294 ;CK49F;V179;35;468      ;3;SIGRID.VAN.REETH              ;
20260209  ;GA132A3                       ;T310010010     ;APF294367 ;CM65F;V154;30;0        ;T;KENNETH.VAN.LAEKEN            ;
20260209  ;GA132A3                       ;T310010011     ;APF294400 ;CM66F;V154;30;0        ;T;KENNETH.VAN.LAEKEN            ;
20260112  ;GA160VSDA3                    ;T310085002     ;APF296058 ;CN65F;K155;40;999      ;T;KENNETH.VAN.LAEKEN            ;
20260330  ;ZH1400+"                      ;T310279007     ;APF294618 ;CP10F;V201;30;0        ;6;SOFIE.MAMPAEY                 ;
20260109  ;ZR160VSD+                     ;T310292027     ;APF295247 ;CP50F;K147;35;899      ;2;SIGRID.VAN.REETH              ;
20260226  ;ZR400                         ;T310298006     ;APF295833 ;CP58F;K262;30;0        ;4;SOFIE.MAMPAEY                 ;
20260224  ;ZR315                         ;T310305006     ;APF295989 ;CP66F;K262;30;0        ;4;SOFIE.MAMPAEY                 ;
20260126  ;GA160A3                       ;T310317002     ;APF296447 ;CQ07F;K154;35;475      ;T;KENNETH.VAN.LAEKEN            ;
20260126  ;GA110A3                       ;T310325003     ;APF296206 ;CQ21F;K155;35;390      ;T;KENNETH.VAN.LAEKEN            ;
20260109  ;GA160VSDA3                    ;T310329003     ;APF296038 ;CQ26F;K154;40;999      ;T;KENNETH.VAN.LAEKEN            ;
20260127  ;GA132A3                       ;T310329004     ;APF296482 ;CQ28F;K154;35;0        ;T;KENNETH.VAN.LAEKEN            ;
20260114  ;ZT110 STD                     ;T310342016     ;APF294509 ;CQ44F;V171;35;799      ;3;SIGRID.VAN.REETH              ;
20260126  ;GA160A3                       ;T310344008     ;APF296448 ;CQ47F;V154;35;799      ;T;KENNETH.VAN.LAEKEN            ;
20260121  ;GA160A3                       ;T310344009     ;APF296395 ;CQ48F;V154;40;999      ;T;KENNETH.VAN.LAEKEN            ;
20260109  ;GA132A3                       ;T310365018     ;APF296338 ;CQ73F;K154;40;999      ;T;KENNETH.VAN.LAEKEN            ;
20260309  ;ZR355VSD+                     ;T310479017     ;APF296914 ;CR54F;V247;30;0        ;3;SIGRID.VAN.REETH              ;
20260202  ;GA160VSDA3                    ;T310725003     ;APF296286 ;CS75F;K154;30;0        ;T;KENNETH.VAN.LAEKEN            ;
20260202  ;GA160VSDA3                    ;T310725004     ;APF296287 ;CS76F;K154;30;0        ;T;KENNETH.VAN.LAEKEN            ;
20260127  ;GA200VSDA3                    ;T310900003     ;APF295982 ;CT99F;K005;30;0        ;1;KENNETH.VAN.LAEKEN            ;
20260128  ;ZS5VSD                        ;T310917013     ;APF294622 ;CU21F;K360;30;0        ;=;SOFIE.MAMPAEY                 ;
20260205  ;ZS5VSD                        ;T310917014     ;APF294623 ;CU22F;K360;30;0        ;=;SOFIE.MAMPAEY                 ;
20260130  ;ZS5VSD                        ;T310917015     ;APF294624 ;CU23F;K360;30;0        ;=;SOFIE.MAMPAEY                 ;
20260209  ;ZS5VSD                        ;T310917016     ;APF294625 ;CU24F;K360;30;0        ;=;SOFIE.MAMPAEY                 ;
20260216  ;GA160VSDA3                    ;T310977003     ;APF296308 ;CU60F;K155;30;0        ;T;KENNETH.VAN.LAEKEN            ;
20260127  ;ZS5VSD                        ;T311039019     ;APF294620 ;CV45F;V360;30;0        ;=;SOFIE.MAMPAEY                 ;
20260126  ;ZS5VSD                        ;T311039020     ;APF294619 ;CV46F;V360;30;0        ;=;SOFIE.MAMPAEY                 ;
20260127  ;ZS5VSD                        ;T311039021     ;APF294621 ;CV47F;V360;30;0        ;=;SOFIE.MAMPAEY                 ;
20260225  ;ZR400VSD                      ;T311086004     ;APF296653 ;CW15F;K261;30;0        ;4;SOFIE.MAMPAEY                 ;
20260123  ;GA160A3                       ;T311220003     ;APF296658 ;CX55F;K154;30;0        ;T;KENNETH.VAN.LAEKEN            ;
20260123  ;GA160A3                       ;T311220004     ;APF296628 ;CX56F;K154;30;0        ;T;KENNETH.VAN.LAEKEN            ;
20260203  ;GA200VSDA3                    ;T311345020     ;APF295266 ;CY52F;K005;30;0        ;1;KENNETH.VAN.LAEKEN            ;
20260113  ;ZT75VSD+                      ;T311448004     ;APF294772 ;CZ38F;K147;35;195      ;2;SIGRID.VAN.REETH              ;
20260109  ;ZT75VSD+                      ;T311452011     ;APF294773 ;CZ54F;K147;35;799      ;2;SIGRID.VAN.REETH              ;
20260108  ;ZT75VSD+                      ;T311452012     ;APF294774 ;CZ55F;K147;35;155      ;2;SIGRID.VAN.REETH              ;
20260212  ;ZR450                         ;T311458004     ;APF295577 ;CZ65F;K261;30;0        ;4;SOFIE.MAMPAEY                 ;
20260331  ;ZH560'                        ;T311531007     ;APF295545 ;DA62F;V351;30;0        ;6;SOFIE.MAMPAEY                 ;
20260417  ;ZH800'                        ;T311531008     ;APF295811 ;DA63F;V351;30;0        ;6;SOFIE.MAMPAEY                 ;
20260114  ;ZT200                         ;T311789004     ;APF295381 ;DC76F;K258;35;799      ;3;SIGRID.VAN.REETH              ;
20260209  ;GA250VSDA3                    ;T311846003     ;APF296681 ;DD62F;V003;30;0        ;1;KENNETH.VAN.LAEKEN            ;
20260130  ;GA160VSDA3                    ;T311852004     ;APF296364 ;DD55F;K154;30;0        ;T;KENNETH.VAN.LAEKEN            ;
20260109  ;ZR90 STD                      ;T312026007     ;APF295768 ;DE64F;V151;35;799      ;2;SIGRID.VAN.REETH              ;
20260211  ;ZT250VSD+                     ;T312124013     ;APF296915 ;DG95F;K243;30;0        ;3;SIGRID.VAN.REETH              ;
20260128  ;ZR355VSD+                     ;T312200034     ;APF296596 ;DI09F;K247;30;0        ;3;SIGRID.VAN.REETH              ;
20260128  ;IMDG1050A1                    ;T312200035     ;APF294994 ;DI10F;K855;30;0        ;M;KIRSTEN.BAUWENS               ;
20260123  ;ZR900VSD                      ;T312429021     ;APF295340 ;DV01F;K217;35;899      ;4;SOFIE.MAMPAEY                 ;
20260123  ;ZR900VSD                      ;T312429022     ;APF295339 ;DV00F;K217;35;799      ;4;SOFIE.MAMPAEY                 ;
20260205  ;GA160A3                       ;T312460008     ;APF296729 ;DL49F;K154;30;0        ;T;KENNETH.VAN.LAEKEN            ;
20260206  ;GA160A3                       ;T312460009     ;APF296760 ;DL50F;K154;30;0        ;T;KENNETH.VAN.LAEKEN            ;
20260211  ;GA160A3                       ;T312460010     ;APF296842 ;DL51F;K154;30;0        ;T;KENNETH.VAN.LAEKEN            ;
20260206  ;GR200                         ;T312462019     ;APF296249 ;DL65F;K106;30;0        ;1;KENNETH.VAN.LAEKEN            ;
20260217  ;ZT315VSD+                     ;T312504011     ;APF296875 ;DL94F;K244;30;0        ;3;SIGRID.VAN.REETH              ;
20260312  ;GA160A3                       ;T312536007     ;APF295137 ;DM93F;K154;30;0        ;T;KENNETH.VAN.LAEKEN            ;
20260309  ;ZR355                         ;T312537005     ;APF296550 ;DM94F;K262;30;0        ;4;SOFIE.MAMPAEY                 ;
20260223  ;GR200                         ;T312541003     ;APF295144 ;DN05F;K106;30;0        ;1;KENNETH.VAN.LAEKEN            ;
20260317  ;GA132A3                       ;T312563010     ;APF295139 ;DN24F;V154;30;0        ;T;KENNETH.VAN.LAEKEN            ;
20260317  ;GA132A3                       ;T312563011     ;APF295201 ;DN25F;V154;30;0        ;T;KENNETH.VAN.LAEKEN            ;
20260317  ;GA132A3                       ;T312563012     ;APF295244 ;DN26F;V154;30;0        ;T;KENNETH.VAN.LAEKEN            ;
20260120  ;ZT75VSD STD                   ;T312643004     ;APF295738 ;DN40F;V153;30;0        ;2;SIGRID.VAN.REETH              ;
20260211  ;GA132A3                       ;T312660003     ;APF296856 ;DN80F;K154;30;0        ;T;KENNETH.VAN.LAEKEN            ;
20260205  ;GA160VSDA3                    ;T312727017     ;APF296398 ;DO39F;K154;30;0        ;T;KENNETH.VAN.LAEKEN            ;
20260220  ;GA160VSDA3                    ;T312733003     ;APF296700 ;DO44F;K154;30;0        ;T;KENNETH.VAN.LAEKEN            ;
20260311  ;ZR500                         ;T312752004     ;APF295803 ;DO65F;K261;30;0        ;4;SOFIE.MAMPAEY                 ;
20260116  ;ZS4VSD                        ;T312816002     ;APF296227 ;DP08F;V361;30;0        ;*;SOFIE.MAMPAEY                 ;
20260212  ;GA160VSDA3                    ;T312896004     ;APF296516 ;DP31F;K155;30;0        ;T;KENNETH.VAN.LAEKEN            ;
20260317  ;GA160A3                       ;T312898003     ;APF295202 ;DP32F;K154;30;0        ;T;KENNETH.VAN.LAEKEN            ;
20260205  ;GA315VSDA3                    ;T312899002     ;APF296479 ;DP33F;K004;30;0        ;1;KENNETH.VAN.LAEKEN            ;
20260114  ;ZT55 STD                      ;T312904003     ;APF295510 ;DP41F;K153;30;0        ;2;SIGRID.VAN.REETH              ;
20260114  ;ZR110VSD+                     ;T312909003     ;APF296664 ;DQ51F;K145;35;195      ;2;SIGRID.VAN.REETH              ;
20260213  ;GA110VSDA3                    ;T312922005     ;APF296632 ;DP81F;K154;30;0        ;T;KENNETH.VAN.LAEKEN            ;
20260206  ;GA160VSDA3                    ;T312993015     ;APF296553 ;DR43F;V154;30;0        ;T;KENNETH.VAN.LAEKEN            ;
20260206  ;GA160A3                       ;T312993016     ;APF296843 ;DR44F;V154;30;0        ;T;KENNETH.VAN.LAEKEN            ;
20260206  ;GA160A3                       ;T312993017     ;APF296730 ;DR45F;V154;30;0        ;T;KENNETH.VAN.LAEKEN            ;
20260206  ;GA160A3                       ;T312993018     ;APF296844 ;DR46F;V154;30;0        ;T;KENNETH.VAN.LAEKEN            ;
20260206  ;GA160A3                       ;T312993019     ;APF296845 ;DR47F;V154;30;0        ;T;KENNETH.VAN.LAEKEN            ;
20260121  ;ZT75 STD                      ;T313001009     ;APF295741 ;DS16F;V153;30;0        ;2;SIGRID.VAN.REETH              ;
20260122  ;ZT75VSD STD                   ;T313001010     ;APF295789 ;DS17F;V153;30;0        ;2;SIGRID.VAN.REETH              ;
20260217  ;GA160VSDA3                    ;T313118006     ;APF296701 ;DW49F;K154;30;0        ;T;KENNETH.VAN.LAEKEN            ;
20260217  ;GA160A3                       ;T313118007     ;APF296899 ;DW50F;K154;30;0        ;T;KENNETH.VAN.LAEKEN            ;
20260306  ;ZR500VSD                      ;T313219019     ;APF296887 ;DW58F;V261;30;0        ;4;SOFIE.MAMPAEY                 ;
20260210  ;GA110VSDA3                    ;T313410005     ;APF296483 ;DZ15F;K154;30;0        ;T;KENNETH.VAN.LAEKEN            ;
20260217  ;GA110VSDA3                    ;T313410006     ;APF296688 ;DZ16F;K154;30;0        ;T;KENNETH.VAN.LAEKEN            ;
20260227  ;GA315VSDA3                    ;T313627002     ;APF296841 ;EA92F;K004;30;0        ;1;KENNETH.VAN.LAEKEN            ;
20260223  ;GA160VSDA3                    ;T313634003     ;APF296796 ;EB00F;K155;30;0        ;T;KENNETH.VAN.LAEKEN            ;
20260217  ;GA160VSDA3                    ;T313723003     ;APF296578 ;EC29F;K155;30;0        ;T;KENNETH.VAN.LAEKEN            ;
20260225  ;GA160VSDA3                    ;T313723004     ;APF296580 ;EC30F;K155;30;0        ;T;KENNETH.VAN.LAEKEN            ;
20260204  ;ZS5VSD                        ;T313885002     ;APF296372 ;ED21F;K360;30;0        ;=;SOFIE.MAMPAEY                 ;
20260413  ;ZA4                           ;T314077004     ;APF295823 ;EE67F;K207;30;0        ;H;SIGRID.VAN.REETH              ;
20260219  ;ZS5VSD                        ;T314146007     ;APF296523 ;EG03F;K360;30;0        ;=;SOFIE.MAMPAEY                 ;
20260219  ;ZS5VSD                        ;T314146008     ;APF296549 ;EG05F;K360;30;0        ;=;SOFIE.MAMPAEY                 ;
20260219  ;ZS5VSD                        ;T314146009     ;APF296620 ;EG07F;K360;30;0        ;=;SOFIE.MAMPAEY                 ;
20260116  ;ZT275                         ;T314392004     ;APF295822 ;EI62F;V258;30;0        ;3;SIGRID.VAN.REETH              ;
20260325  ;ZB 6 VSD+                     ;T314420006     ;APF296815 ;EI79F;K326;30;0        ;C;KIRSTEN.BAUWENS               ;
20260302  ;GA160VSDA3                    ;T314446003     ;APF296584 ;EJ15F;K155;30;0        ;T;KENNETH.VAN.LAEKEN            ;
20260129  ;ZT90VSD STD                   ;T314455007     ;APF295905 ;EJ70F;V152;30;0        ;2;SIGRID.VAN.REETH              ;
20260302  ;GA160VSDA3                    ;T314462009     ;APF296895 ;EK07F;K154;30;0        ;T;KENNETH.VAN.LAEKEN            ;
20260304  ;GA160VSDA3                    ;T314462010     ;APF296903 ;EK08F;K154;30;0        ;T;KENNETH.VAN.LAEKEN            ;
20260112  ;ZT132VSD STD                  ;T314732007     ;APF296474 ;EM40F;K171;30;0        ;3;SIGRID.VAN.REETH              ;
20260414  ;ZE4                           ;T314777003     ;APF296041 ;EO27F;K114;30;0        ;H;SIGRID.VAN.REETH              ;
20260416  ;ZE4                           ;T314777004     ;APF296042 ;EO28F;K114;30;0        ;H;SIGRID.VAN.REETH              ;
20260219  ;ZT90VSD+                      ;T314875004     ;APF295979 ;EP01F;K147;30;0        ;2;SIGRID.VAN.REETH              ;
20260316  ;ZR315                         ;T314965010     ;APF296757 ;EP82F;K262;30;0        ;4;SOFIE.MAMPAEY                 ;
20260316  ;ER425_A1                      ;T314965011     ;APF296863 ;EP83F;K789;30;0        ;I;KIRSTEN.BAUWENS               ;
20260130  ;ZT90 STD                      ;T314967013     ;APF296028 ;EP88F;K152;30;0        ;2;SIGRID.VAN.REETH              ;
20260206  ;ZT90 STD                      ;T314967014     ;APF296061 ;EP89F;K152;30;0        ;2;SIGRID.VAN.REETH              ;
20260309  ;ZR160                         ;T314968016     ;APF296050 ;EP94F;K175;30;0        ;3;SIGRID.VAN.REETH              ;
20260310  ;ZR160                         ;T314968017     ;APF296066 ;EP95F;K175;30;0        ;3;SIGRID.VAN.REETH              ;
20260311  ;ZR160                         ;T314968018     ;APF296124 ;EP97F;K175;30;0        ;3;SIGRID.VAN.REETH              ;
20260204  ;ZT75 STD                      ;T315030004     ;APF296083 ;EQ36F;K152;30;0        ;2;SIGRID.VAN.REETH              ;
20260202  ;ZT90VSD STD                   ;T315034003     ;APF296079 ;EQ63F;K152;30;0        ;2;SIGRID.VAN.REETH              ;
20260323  ;ZR75VSD+                      ;T315067006     ;APF296029 ;EQ86F;K145;30;0        ;2;SIGRID.VAN.REETH              ;
20260213  ;ZT90 STD                      ;T315113031     ;APF296080 ;ER58F;K152;30;0        ;2;SIGRID.VAN.REETH              ;
20260216  ;ZT90 STD                      ;T315113032     ;APF296085 ;ER59F;K152;30;0        ;2;SIGRID.VAN.REETH              ;
20260217  ;ZT90 STD                      ;T315113033     ;APF296152 ;ER60F;K152;30;0        ;2;SIGRID.VAN.REETH              ;
20260218  ;ZT90 STD                      ;T315113034     ;APF296170 ;ER61F;K152;30;0        ;2;SIGRID.VAN.REETH              ;
20260219  ;ZT90 STD                      ;T315113035     ;APF296215 ;ER62F;K152;30;0        ;2;SIGRID.VAN.REETH              ;
20260324  ;ZT355VSD+                     ;T315251028     ;APF296878 ;ET24F;K244;30;0        ;3;SIGRID.VAN.REETH              ;
20260129  ;ZS4VSD                        ;T315360006     ;APF296178 ;EU52F;K361;30;0        ;*;SOFIE.MAMPAEY                 ;
20260403  ;ZR315                         ;T315364002     ;APF296243 ;EV18F;K262;30;0        ;4;SOFIE.MAMPAEY                 ;
20260424  ;ZH560+'                       ;T315365005     ;APF296128 ;EU72F;V196;30;0        ;6;SOFIE.MAMPAEY                 ;
20260424  ;ZH560+'                       ;T315365006     ;APF296127 ;EV23F;V196;30;0        ;6;SOFIE.MAMPAEY                 ;
20260401  ;ZR315                         ;T315608005     ;APF296885 ;EW66F;K262;30;0        ;4;SOFIE.MAMPAEY                 ;
20260126  ;ZE3PVSD_A1                    ;T315615003     ;APF296430 ;EW95F;K363;30;0        ;*;SOFIE.MAMPAEY                 ;
20260410  ;ZH710'                        ;T315624012     ;APF296144 ;EX13F;V351;30;0        ;6;SOFIE.MAMPAEY                 ;
20260414  ;ZE6                           ;T315780005     ;APF296427 ;EX35F;K212;30;0        ;4;SOFIE.MAMPAEY                 ;
20260414  ;ZE6                           ;T315780006     ;APF296551 ;EX36F;K212;30;0        ;4;SOFIE.MAMPAEY                 ;
20260210  ;ZS4VSD+                       ;T315918019     ;APF296271 ;EY68F;K361;30;0        ;*;SOFIE.MAMPAEY                 ;
20260210  ;ZS4VSD+                       ;T315918020     ;APF296291 ;EY69F;K361;30;0        ;*;SOFIE.MAMPAEY                 ;
20260210  ;ZS4VSD+                       ;T315918021     ;APF296307 ;EY70F;K361;30;0        ;*;SOFIE.MAMPAEY                 ;
20260521  ;ZH560+'                       ;T315919019     ;APF296373 ;EY78F;V196;30;0        ;6;SOFIE.MAMPAEY                 ;
20260521  ;ZH560+'                       ;T315919020     ;APF296425 ;EY79F;V196;30;0        ;6;SOFIE.MAMPAEY                 ;
20260126  ;ZT75 STD                      ;T316035002     ;APF296235 ;FA12F;K152;30;0        ;2;SIGRID.VAN.REETH              ;
20260317  ;GA160VSDA3                    ;T316328004     ;APF296586 ;FE27F;K155;30;0        ;T;KENNETH.VAN.LAEKEN            ;
20260414  ;ZA6                           ;T316482002     ;APF296552 ;FE69F;K212;30;0        ;4;SOFIE.MAMPAEY                 ;
20260213  ;ZR250VSD+                     ;T316730005     ;APF296407 ;FI62F;V248;30;0        ;3;SIGRID.VAN.REETH              ;
20260212  ;ZT90VSD STD                   ;T316897003     ;APF296508 ;FK52F;V153;30;0        ;2;SIGRID.VAN.REETH              ;
20260320  ;GA132VSDA3                    ;T316899003     ;APF296588 ;FK59F;K155;30;0        ;T;KENNETH.VAN.LAEKEN            ;
20260507  ;GA200A3                       ;T316928007     ;APF296451 ;FK62F;V003;30;0        ;1;KENNETH.VAN.LAEKEN            ;
20260227  ;ZS5VSD                        ;T316934004     ;APF296547 ;FK84F;K360;30;0        ;=;SOFIE.MAMPAEY                 ;
20260320  ;ND2500VSD                     ;T317097004     ;APF296485 ;FL92F;K822;30;0        ;M;KIRSTEN.BAUWENS               ;
20260306  ;ZR315VSD                      ;T317139016     ;APF296706 ;FN86F;V216;30;0        ;3;SIGRID.VAN.REETH              ;
20260306  ;ZR315                         ;T317139017     ;APF296707 ;FN87F;V216;30;0        ;3;SIGRID.VAN.REETH              ;
20260306  ;ZR315                         ;T317139018     ;APF296708 ;FN88F;V216;30;0        ;3;SIGRID.VAN.REETH              ;
20260219  ;ZT200                         ;T317141007     ;APF296649 ;FN89F;K258;30;0        ;3;SIGRID.VAN.REETH              ;
20260305  ;ZT250                         ;T317145003     ;APF296674 ;FN95F;V258;30;0        ;3;SIGRID.VAN.REETH              ;
20260224  ;ZS5                           ;T317158003     ;APF296548 ;FO58F;K360;30;0        ;=;SOFIE.MAMPAEY                 ;
20260324  ;GA132VSDA3                    ;T317159002     ;APF296648 ;FO67F;V155;30;0        ;T;KENNETH.VAN.LAEKEN            ;
20260217  ;ZT55 STD                      ;T317162003     ;APF296543 ;FO69F;K152;30;0        ;2;SIGRID.VAN.REETH              ;
20260224  ;ZT75VSD STD                   ;T317414007     ;APF296749 ;FQ89F;V152;30;0        ;2;SIGRID.VAN.REETH              ;
20260225  ;ZT75VSD STD                   ;T317414008     ;APF296763 ;FQ90F;V152;30;0        ;2;SIGRID.VAN.REETH              ;
20260213  ;ZT315VSD                      ;T317472004     ;APF296709 ;FR78F;K258;30;0        ;3;SIGRID.VAN.REETH              ;
20260504  ;ZA5                           ;T317494020     ;APF296692 ;FS45F;K212;30;0        ;4;SOFIE.MAMPAEY                 ;
20260513  ;ZH710+'                       ;T317496021     ;APF296710 ;FS47F;V196;30;0        ;6;SOFIE.MAMPAEY                 ;
20260306  ;ZS4VSD                        ;T317531002     ;APF296754 ;FS64F;K361;30;0        ;*;SOFIE.MAMPAEY                 ;
20260303  ;ZT90VSD STD                   ;T317581009     ;APF296823 ;FU00F;V152;30;0        ;2;SIGRID.VAN.REETH              ;
20260302  ;ZT90VSD STD                   ;T317581010     ;APF296834 ;FU01F;V152;30;0        ;2;SIGRID.VAN.REETH              ;
20260303  ;ZS5VSD                        ;T317585010     ;APF296846 ;FU31F;K360;30;0        ;=;SOFIE.MAMPAEY                 ;
20260303  ;ZS5VSD                        ;T317585011     ;APF296889 ;FU32F;K360;30;0        ;=;SOFIE.MAMPAEY                 ;
20260303  ;ZS5VSD                        ;T317585012     ;APF296890 ;FU33F;K360;30;0        ;=;SOFIE.MAMPAEY                 ;
20260316  ;GA132VSDA3                    ;T317601002     ;APF296858 ;FU56F;K154;30;0        ;T;KENNETH.VAN.LAEKEN            ;
20260311  ;ZR250VSD                      ;T317891012     ;APF296913 ;FY76F;K216;30;0        ;3;SIGRID.VAN.REETH              ;
20260223  ;ZT145STD-10,4-60/E            ;8154901933     ;          ;AK80F;K171;30;0        ;O;Patrick.Simons                ;
20260223  ;ZT145STD-10,4-60/E            ;8154901933     ;          ;AK81F;K171;30;0        ;O;Patrick.Simons                ;
